ID,Component,Failure Mode,Causes,Effects,S,O,D,RPN,Preventive Measures,Detection Measures,Mitigation / Recovery,Owner,Verification
1,Power Distribution Unit (PDU),Total power loss,Battery failure; main switch failure; short circuit,Flight computer & actuators lose power → mission loss,10,3,6,180,Redundant power buses; independent battery strings; qualified components; PDU HW with fault isolation,Voltage/current health telemetry; pre-flight battery discharge tests; BITE,Automatic switchover to backup bus; crowbar protection; safe-mode that maintains comms,HW lead,Power integration test; ESD/short test; flight readiness checklist
2,Battery (Primary),Insufficient capacity / voltage sag,Manufacturing defect; poor thermal management; aging,Insufficient peak power → degraded comms/actuators,9,4,5,180,High-reliability cells; thermal insulation/heaters; preflight capacity verification; margin sizing,Battery telemetry (SoC/SoH); impedance monitoring; preflight capacity test,Bring up reserve battery/capacitor bank; shed non-critical loads; return-to-ground sequence,Power engineer,Cell-level acceptance test; thermal vacuum cycling
3,Flight Computer (FC),CPU hang or software crash,SW bug; memory leak; brownout,Loss of guidance/control → attitude/trajectory deviation,10,4,6,240,RTOS with memory protection; code reviews; redundant FC (cold/ hot standby); power conditioning,Heartbeat monitoring; HW watchdog; periodic self-test; health telemetry,HW watchdog reset; failover to redundant FC with last-known-good state; limited safe-mode control law,SW lead,HIL tests; fault injection; SAR/coverage metrics
4,IMU (Inertial Measurement Unit),Sensor bias / drift or failure,Thermal drift; mechanical shock; calibration error,Incorrect attitude → navigation error,9,5,6,270,Dual/triple IMU with cross-checking; thermal control; robust mounting; factory & flight calibration,Consistency checks across IMUs; self-calibration routines; residual monitoring,Switch to alternate IMU set; increase GNSS reliance; use control law tolerant to degraded IMU,Nav lead,Vibration & thermal cycling; in-flight calibration verification
5,GNSS Receiver / Antenna,Loss of GPS fix / degraded accuracy,Jamming/masking; antenna detach; multipath,Loss of absolute position → degraded nav (if relied upon),7,6,7,294,Antenna diversity; choke rings or radomes; jamming detection; alternate PNT (IMU/altimeter),SNR & health reporting; jamming/ spoofing alarms; antenna health telemetry,Switch to inertial-only navigation; enter conservative guidance profile; return/abort sequence,Comm/Nav engineer,Antenna deployment & RF range test; GNSS vulnerability assessment
6,Telemetry / Telecommand Radio,Comm loss or high BER,Antenna failure; RF path loss; modem crash,Ground cannot command/monitor → mission risk,9,4,7,252,Redundant comm links (VHF + UHF / S-band); ECC and ACK; transmit power margining; robust framing,"Link quality metrics (BER, RSSI); periodic ACK/heartbeat; autop-run logs",Auto-retransmit; switch to backup radio; store-and-forward telemetry buffer,RF lead,Antenna deployment test; link margin analysis; preflight RF check
7,Connectors / Harness,Intermittent contact or open circuit,Vibration loosen; poor crimp/solder; abrasion,Local subsystem failure (sensor/actuator) → degraded performance,7,6,5,210,Use aerospace-rated connectors with locking; strain relief; harness routing & shielding,Continuity checks; contact resistance monitoring for critical lines,Use redundant wiring for critical signals; fallback to degraded mode,Assembly lead,"X-ray, pull-test, vibration test; IPC solder inspection"
8,Thermal Control,Overheat or overcooling of electronics,Insufficient heatsinking; heater failure; conduction path change,Component derating/failure → sensor drift or shutdown,8,5,5,200,Thermal margins in design; heaters with redundant drivers; thermal straps; insulation,Temperature telemetry; automatic thermal protection thresholds,Throttle non-critical functions; enable heaters/coolers; isolate faulty module,Thermal engineer,Thermal vacuum cycling; telemetry threshold validation
9,EMI/EMC,Transient upset or stuck inputs from EMI,Poor grounding; noisy power; non-compliant RF emissions,Erroneous commands/sensor readings → control anomalies,8,5,7,280,"PCB layout best practices; common-mode chokes; ferrites, shielding cans; filtered connectors",EMC monitoring; CRC/FEC on data links; self-tests after heavy RF events,Reset affected electronics; switch to filtered interfaces; reconfigure comms frequencies,SysEng,Full EMI/EMC testing; susceptibility and emissions reports
10,Actuator Driver (Thrust vector / Servo),Drive transistor failure or runaway command,MOSFET failure; SW saturation command; feedback loop error,Loss of control authority → inability to correct attitude,10,3,6,180,Current limiting; redundant driver channels; HW interlocks; command validation,Current/voltage monitoring; position/torque sensors with cross-check,Disable faulty channel; transfer control to redundant actuator; enter safe flight profile,Controls lead,Endurance & short-circuit tests; closed-loop validation
11,Software Update / Bootloader,Failed update or corrupted image,Incomplete transfer; power loss during write; bad signature,Bricked device or regressions in control logic,8,4,8,256,A/B image scheme (dual bank); signed images; staged rollout with verified boot,Boot integrity checks; post-update smoke tests; version telemetry,Rollback to previous image; boot into recovery mode exposing minimal comms,SW release mgr,Simulated update tests; verification on hardware-in-loop
12,Watchdog / Reset System,Watchdog not triggering or misconfigured,Disabled in SW; incorrect timeout; HW fault,System hang persists → no auto-recovery,9,3,5,135,Independent HW watchdog with separate power domain; watchdog exercised in SW; periodic watchdog tests,Watchdog status reporting; reset counters in telemetry,Hard reset to known-good state; engage backup FC if reset fails,HW lead,Watchdog injection tests; power-cycle verification
