編號,元件,失效模式,成因,影響,S,O,D,RPN,預防措施,偵測措施,緩解/恢復,負責人,驗證方式
1,電源分配單元（PDU）,總電源失效,電池故障、主開關失效、短路,飛控與致動器失電 → 任務失敗,10,3,6,180,冗餘電源匯流排；獨立電池串；通過認證元件；具故障隔離的PDU硬體設計,電壓/電流健康監控；飛前電池放電測試；內建測試BITE,自動切換至備援匯流排；過流保護；進入維持通訊之安全模式,電源負責人,電源整合測試；短路測試；飛行前檢查
2,主電池,容量不足 / 電壓下墜,製造缺陷、熱管理不良、老化,無法提供尖峰功率 → 通訊或姿控下降,9,4,5,180,高可靠電芯；熱隔離與加熱；飛前容量驗證；設計電量裕度,電池SoC/SoH監測；阻抗監測；容量測試,啟動備援電池/電容；關閉非必要負載；進入安全返航程序,電源工程師,電芯驗收；熱真空循環測試
3,飛控電腦（FC）,CPU 當機 / 軟體崩潰,軟體錯誤、記憶體洩漏、電源毛刺,導致導航/姿控失效 → 可能失控,10,4,6,240,RTOS保護；程式碼審查；主備雙FC冗餘；電源穩定化,心跳監控；硬體看門狗；例行自測；健康資料回報,看門狗重啟；切換至備援FC並使用最新有效狀態；降階控制律,軟體負責人,硬體在迴路測試；故障注入；程式碼覆蓋率分析
4,IMU 慣性量測單元,傳感器飄移 / 故障,溫漂、震動衝擊、校正錯誤,姿態估計錯誤→導航偏差,9,5,6,270,雙/三IMU冗餘；熱控；牢固安裝；地面/飛行校正,IMU間交叉檢查；自動校準；殘差監測,切換至其他IMU；提升GNSS權重；使用耐降級控制律,導航負責人,震動與熱循環測試；飛行校正驗證
5,GNSS / GPS,失去定位或精度降低,遮蔽、干擾、天線接觸不良,失去絕對位置 → 導航下降,7,6,7,294,天線多樣化；抗干擾設計；替代導航（IMU/壓力高度）,SNR監控；干擾警報；天線健康回報,切換到慣性導航；採保守飛行配置；啟動返航/終止程序,通訊/導航工程師,天線部署測試；GNSS干擾評估
6,遙測/遙控無線電,通訊中斷 / 高錯誤率,天線損壞、路徑損失、調變器錯誤,地面失聯 → 任務高風險,9,4,7,252,雙通道（如UHF+S-band）；ECC/CRC；確認ACK；功率裕度設計,BER/RSSI監控；心跳；鏈路健康記錄,重新傳送；切換備援無線電；資料緩衝後再傳送,RF工程師,鏈路裕度分析；地面場測
7,接頭/線束,接觸不良或斷線,振動鬆脫、焊接瑕疵、磨損,局部子系統失效,7,6,5,210,航太級接頭；鎖扣；束線應力釋放；線束屏蔽,連續性檢查；關鍵線路電阻監測,關鍵訊號採冗餘配線；切到降級模式,組裝主管,X-ray、拉力測試、振動測試
8,熱控系統,過熱或過冷,散熱不足；加熱器故障；隔熱不良,元件失效或漂移,8,5,5,200,熱裕度設計；備援加熱器；導熱片；隔熱材,溫度遙測；暫停限溫功能,啟動加熱/降溫；隔離故障模組；降載,熱控工程師,熱真空循環測試；溫控邏輯驗證
9,EMI / EMC,電磁干擾導致誤觸發,接地差；雜訊大；屏蔽不足,錯誤感測/命令 → 姿控異常,8,5,7,280,PCB接地/濾波優化；屏蔽殼；濾波接頭,資料CRC；EMI事件後自檢；干擾監控,重啟模組；切換過濾後通道；改變通訊協定參數,系統工程師,完整EMI/EMC測試；抗擾度測試
10,致動器驅動（舵機/噴嘴）,驅動失效/過度響應,MOSFET燒毀；指令飽和；迴授錯誤,姿態無法修正 → 失控,10,3,6,180,電流限制；雙驅動冗餘；硬體鎖定；指令有效性檢查,電流/電壓監測；位置/扭力迴授交叉檢查,切換至備援致動器；限制控制律；自動減敏,控制工程師,耐久/短路測試；閉迴路驗證
11,軟體更新 / 開機管理,更新失敗 / 韌體毀損,傳輸中斷；電力中斷；簽章錯誤,裝置無法開機或功能缺失,8,4,8,256,雙映像（A/B）；簽章驗證；階段式更新,開機完整性檢查；版本回報；更新後快速自測,回滾前版本；進入恢復模式；保持最小通訊,軟體發行管理,模擬更新測試；硬體迴路驗證
12,Watchdog / 重置系統,看門狗無效或設定錯誤,停用、時序不正確、硬體故障,系統掛死不可回復,9,3,5,135,獨立電源域的硬體看門狗；定期觸發；強制測試,看門狗計數器遙測；重啟次數紀錄,硬重置；切換備援FC,硬體工程師,看門狗故障注入；電源循環測試
